rbw14, add_1, pass
rbw14, add_2, pass
rbw14, add_3, pass
rbw14, add_4, pass
rbw14, add_5, pass
rbw14, add_6, pass
rbw14, add_7, pass
rbw14, add_8, pass
rbw14, add_9, pass
rbw14, aps_11, FAIL, Couldn't build
rbw14, base_1, pass
rbw14, base_2, pass
rbw14, base_3, FAIL, Couldn't build
rbw14, base_4, pass
rbw14, base_5, pass
rbw14, decl_1, pass
rbw14, decl_2, pass
rbw14, decl_3, pass
rbw14, decl_4, pass
rbw14, edge_1, pass
rbw14, edge_2, pass
rbw14, edge_3, FAIL, Couldn't build
rbw14, edge_4, FAIL, Couldn't build
rbw14, ops_1, FAIL, Couldn't build
rbw14, ops_10, FAIL, Couldn't build
rbw14, ops_11, FAIL, Couldn't build
rbw14, ops_2, FAIL, Couldn't build
rbw14, ops_3, FAIL, Couldn't build
rbw14, ops_4, fail, Program ran to completion  but output is incorrect.
rbw14, ops_5, FAIL, Couldn't build
rbw14, ops_6, FAIL, Couldn't build
rbw14, ops_7, FAIL, Couldn't build
rbw14, ops_8, FAIL, Couldn't build
rbw14, ops_9, FAIL, Couldn't build
rbw14, prec_1, FAIL, Couldn't build
rbw14, prec_2, FAIL, Couldn't build
rbw14, prec_3, FAIL, Couldn't build
rbw14, prec_4, FAIL, Couldn't build
rbw14, prec_5, FAIL, Couldn't build
rbw14, prec_6, FAIL, Couldn't build
